id_producteur,village,superficie_ha,variete,pluviometrie_mm,engrais_npk_kg_ha,taux_germination_pct,pression_phytosanitaire,indice_ndvi,rendement_kg_ha
SORGH-2026-001,Thioffior,3.27,Fadda (Hybride),680.7,102.3,66,Striga,0.24999999999999997,1323.0
SORGH-2026-002,Gandiaye-Secteur,4.72,Darou (Améliorée),824.6,61.5,87,Striga,0.25,1209.0
SORGH-2026-003,Ndiédieng,2.44,Darou (Améliorée),722.9,136.0,73,Aucune,0.35,1643.0
SORGH-2026-004,Gandiaye-Secteur,5.03,Locale,725.8,122.3,78,Striga,0.31,1125.0
SORGH-2026-005,Gandiaye-Secteur,2.75,Locale,761.8,56.8,68,Striga,0.33999999999999997,999.0
SORGH-2026-006,Keur DIATTA,1.05,Fadda (Hybride),714.3,120.8,94,Striga,0.42,1279.0
SORGH-2026-007,Ndiédieng,5.07,Fadda (Hybride),684.5,104.4,95,Chenille Légionnaire,0.29000000000000004,1026.0
SORGH-2026-008,Ndiédieng,1.41,Fadda (Hybride),688.2,58.2,75,Aucune,0.36,1801.0
SORGH-2026-009,Ndiédieng,2.44,Darou (Améliorée),695.7,95.8,72,Chenille Légionnaire,0.52,730.0
SORGH-2026-010,Gandiaye-Secteur,5.28,Fadda (Hybride),697.8,98.5,67,Chenille Légionnaire,0.31,1084.0
SORGH-2026-011,Thioffior,5.28,Darou (Améliorée),743.7,66.6,78,Aucune,0.5,1568.0
SORGH-2026-012,Ndiédieng,3.58,Darou (Améliorée),703.1,144.6,77,Aucune,0.48,1844.0
SORGH-2026-013,Gandiaye-Secteur,3.84,Darou (Améliorée),744.0,135.0,96,Chenille Légionnaire,0.61,1011.0
SORGH-2026-014,Keur DIATTA,3.02,Darou (Améliorée),695.2,116.9,83,Aucune,0.42,1620.0
SORGH-2026-015,Thioffior,2.32,Fadda (Hybride),704.7,96.2,80,Aucune,0.74,1921.0
SORGH-2026-016,Keur DIATTA,2.48,Locale,580.1,91.2,66,Chenille Légionnaire,0.51,659.0
SORGH-2026-017,Thioffior,4.03,Darou (Améliorée),755.0,115.1,81,Aucune,0.38,1683.0
SORGH-2026-018,Gandiaye-Secteur,4.39,Fadda (Hybride),720.8,104.5,80,Aucune,0.77,2119.0
SORGH-2026-019,Mbadakhoune Centre,4.56,Locale,759.9,56.2,66,Aucune,0.47,1258.0
SORGH-2026-020,Thioffior,4.55,Darou (Améliorée),526.2,101.3,66,Aucune,0.39,1169.0
SORGH-2026-021,Keur DIATTA,1.41,Locale,825.3,130.6,90,Aucune,0.71,1785.0
SORGH-2026-022,Gandiaye-Secteur,3.22,Darou (Améliorée),691.6,95.9,77,Aucune,0.65,1544.0
SORGH-2026-023,Thioffior,1.26,Darou (Améliorée),766.5,55.2,95,Striga,0.48,1123.0
SORGH-2026-024,Mbadakhoune Centre,3.47,Fadda (Hybride),637.6,128.6,67,Aucune,0.42,1819.0
SORGH-2026-025,Mbadakhoune Centre,2.99,Fadda (Hybride),736.8,70.1,72,Striga,0.38000000000000006,1238.0
SORGH-2026-026,Ndiédieng,4.99,Darou (Améliorée),636.8,75.9,87,Striga,0.5399999999999999,985.0
SORGH-2026-027,Ndiédieng,2.58,Darou (Améliorée),662.6,66.5,78,Aucune,0.48,1392.0
SORGH-2026-028,Keur DIATTA,1.53,Fadda (Hybride),814.8,83.0,91,Striga,0.31999999999999995,1459.0
SORGH-2026-029,Thioffior,1.64,Fadda (Hybride),688.6,125.7,93,Aucune,0.35,1994.0
SORGH-2026-030,Thioffior,4.43,Locale,713.0,101.9,65,Aucune,0.42,1440.0
SORGH-2026-031,Ndiédieng,3.78,Locale,752.2,70.5,81,Aucune,0.73,1438.0
SORGH-2026-032,Thioffior,1.46,Darou (Améliorée),729.7,137.8,94,Chenille Légionnaire,0.29000000000000004,931.0
SORGH-2026-033,Thioffior,1.38,Fadda (Hybride),709.0,138.0,77,Aucune,0.77,2042.0
SORGH-2026-034,Mbadakhoune Centre,4.15,Fadda (Hybride),721.9,137.1,85,Aucune,0.52,2053.0
SORGH-2026-035,Ndiédieng,1.33,Fadda (Hybride),844.2,73.9,83,Striga,0.48000000000000004,1368.0
SORGH-2026-036,Gandiaye-Secteur,4.7,Locale,696.5,95.1,83,Aucune,0.47,1454.0
SORGH-2026-037,Ndiédieng,4.18,Fadda (Hybride),712.1,148.5,89,Aucune,0.51,2114.0
SORGH-2026-038,Gandiaye-Secteur,1.37,Darou (Améliorée),763.0,127.2,86,Aucune,0.43,1777.0
SORGH-2026-039,Mbadakhoune Centre,1.38,Fadda (Hybride),766.3,52.7,95,Striga,0.36,1274.0
SORGH-2026-040,Keur DIATTA,5.44,Darou (Améliorée),771.2,56.5,81,Striga,0.44999999999999996,1042.0
SORGH-2026-041,Thioffior,2.68,Darou (Améliorée),738.3,96.4,87,Aucune,0.78,1837.0
SORGH-2026-042,Mbadakhoune Centre,2.67,Locale,631.4,140.9,96,Aucune,0.64,1503.0
SORGH-2026-043,Thioffior,4.66,Fadda (Hybride),798.0,103.9,74,Aucune,0.44,1969.0
SORGH-2026-044,Keur DIATTA,5.26,Fadda (Hybride),631.2,99.8,74,Striga,0.21,1259.0
SORGH-2026-045,Keur DIATTA,5.44,Fadda (Hybride),718.2,60.5,72,Aucune,0.4,1847.0
SORGH-2026-046,Mbadakhoune Centre,4.39,Locale,654.7,115.7,84,Aucune,0.59,1419.0
SORGH-2026-047,Keur DIATTA,2.69,Locale,696.2,132.2,96,Aucune,0.68,1637.0
SORGH-2026-048,Gandiaye-Secteur,1.38,Darou (Améliorée),719.7,88.0,78,Aucune,0.75,1492.0
SORGH-2026-049,Keur DIATTA,4.5,Darou (Améliorée),719.3,127.6,92,Aucune,0.36,1620.0
SORGH-2026-050,Thioffior,3.51,Darou (Améliorée),725.3,146.4,88,Aucune,0.57,1837.0
SORGH-2026-051,Thioffior,2.91,Fadda (Hybride),796.8,70.4,79,Aucune,0.55,1977.0
SORGH-2026-052,Thioffior,5.08,Locale,727.2,102.3,86,Striga,0.45999999999999996,776.0
SORGH-2026-053,Thioffior,1.5,Darou (Améliorée),685.4,78.7,94,Aucune,0.59,1542.0
SORGH-2026-054,Gandiaye-Secteur,3.22,Fadda (Hybride),757.8,129.3,68,Chenille Légionnaire,0.45,1050.0
SORGH-2026-055,Ndiédieng,1.05,Darou (Améliorée),771.4,107.8,77,Aucune,0.63,1628.0
SORGH-2026-056,Mbadakhoune Centre,3.11,Fadda (Hybride),626.3,113.5,87,Striga,0.24000000000000002,1225.0
SORGH-2026-057,Thioffior,1.25,Fadda (Hybride),735.8,129.8,72,Striga,0.59,1465.0
SORGH-2026-058,Keur DIATTA,1.53,Darou (Améliorée),742.1,89.6,82,Aucune,0.4,1580.0
SORGH-2026-059,Thioffior,1.53,Fadda (Hybride),682.1,141.5,76,Aucune,0.65,1925.0
SORGH-2026-060,Keur DIATTA,3.92,Darou (Améliorée),782.5,103.3,95,Striga,0.39,1136.0
SORGH-2026-061,Keur DIATTA,4.36,Fadda (Hybride),691.0,65.8,78,Aucune,0.57,1861.0
SORGH-2026-062,Thioffior,3.63,Fadda (Hybride),707.5,119.6,82,Chenille Légionnaire,0.56,1127.0
SORGH-2026-063,Gandiaye-Secteur,5.33,Fadda (Hybride),689.6,129.3,75,Aucune,0.73,1778.0
SORGH-2026-064,Keur DIATTA,2.69,Fadda (Hybride),700.9,81.7,76,Chenille Légionnaire,0.5399999999999999,931.0
SORGH-2026-065,Keur DIATTA,2.29,Darou (Améliorée),634.2,135.7,79,Aucune,0.57,1670.0
SORGH-2026-066,Thioffior,4.91,Fadda (Hybride),613.6,140.6,95,Striga,0.56,1469.0
SORGH-2026-067,Keur DIATTA,2.01,Darou (Améliorée),795.7,77.7,93,Striga,0.4099999999999999,1277.0
SORGH-2026-068,Keur DIATTA,5.33,Darou (Améliorée),649.2,148.4,90,Striga,0.57,1181.0
SORGH-2026-069,Thioffior,1.05,Darou (Améliorée),640.5,64.1,82,Aucune,0.52,1298.0
SORGH-2026-070,Thioffior,5.36,Locale,570.8,70.2,96,Striga,0.64,925.0
SORGH-2026-071,Mbadakhoune Centre,1.19,Darou (Améliorée),661.7,68.4,86,Aucune,0.75,1476.0
SORGH-2026-072,Gandiaye-Secteur,5.01,Fadda (Hybride),620.6,139.4,81,Striga,0.52,1343.0
SORGH-2026-073,Gandiaye-Secteur,3.37,Fadda (Hybride),798.5,115.4,87,Aucune,0.47,2130.0
SORGH-2026-074,Keur DIATTA,5.47,Fadda (Hybride),760.6,65.2,88,Chenille Légionnaire,0.20999999999999996,952.0
SORGH-2026-075,Gandiaye-Secteur,1.33,Darou (Améliorée),658.7,94.0,72,Aucune,0.72,1547.0
SORGH-2026-076,Keur DIATTA,3.49,Fadda (Hybride),835.1,111.5,70,Striga,0.3,1501.0
SORGH-2026-077,Mbadakhoune Centre,5.36,Darou (Améliorée),758.9,58.3,69,Chenille Légionnaire,0.5,818.0
SORGH-2026-078,Thioffior,3.35,Darou (Améliorée),680.5,138.2,93,Striga,0.38000000000000006,1260.0
SORGH-2026-079,Thioffior,3.83,Fadda (Hybride),550.0,130.4,92,Aucune,0.52,1709.0
SORGH-2026-080,Thioffior,4.13,Darou (Améliorée),837.5,100.5,75,Aucune,0.74,1775.0
SORGH-2026-081,Gandiaye-Secteur,3.05,Fadda (Hybride),616.6,146.7,65,Chenille Légionnaire,0.38,1028.0
SORGH-2026-082,Mbadakhoune Centre,3.82,Fadda (Hybride),601.3,91.8,83,Aucune,0.6,1598.0
SORGH-2026-083,Gandiaye-Secteur,3.63,Darou (Améliorée),761.4,148.4,73,Aucune,0.59,1817.0
SORGH-2026-084,Gandiaye-Secteur,5.06,Darou (Améliorée),846.4,116.8,91,Striga,0.35,1392.0
SORGH-2026-085,Mbadakhoune Centre,1.2,Darou (Améliorée),783.1,113.5,68,Striga,0.5399999999999999,1191.0
SORGH-2026-086,Mbadakhoune Centre,2.26,Darou (Améliorée),733.8,66.6,82,Aucune,0.46,1576.0
SORGH-2026-087,Mbadakhoune Centre,5.28,Fadda (Hybride),735.7,138.2,79,Striga,0.64,1503.0
SORGH-2026-088,Mbadakhoune Centre,5.01,Locale,751.2,92.7,77,Striga,0.6,982.0
SORGH-2026-089,Thioffior,3.05,Darou (Améliorée),745.5,66.2,83,Aucune,0.5,1575.0
SORGH-2026-090,Ndiédieng,3.79,Darou (Améliorée),716.9,51.3,70,Chenille Légionnaire,0.5,720.0
SORGH-2026-091,Ndiédieng,2.25,Fadda (Hybride),706.3,106.0,76,Aucune,0.6,1917.0
SORGH-2026-092,Mbadakhoune Centre,1.85,Darou (Améliorée),696.2,102.7,81,Aucune,0.5,1602.0
SORGH-2026-093,Ndiédieng,3.09,Fadda (Hybride),654.8,121.9,87,Aucune,0.78,1970.0
SORGH-2026-094,Ndiédieng,2.59,Fadda (Hybride),683.2,139.0,90,Aucune,0.36,2091.0
SORGH-2026-095,Mbadakhoune Centre,3.63,Locale,598.4,57.9,93,Chenille Légionnaire,0.21000000000000002,731.0
SORGH-2026-096,Ndiédieng,1.35,Fadda (Hybride),694.1,123.1,97,Aucune,0.57,2003.0
SORGH-2026-097,Gandiaye-Secteur,5.38,Locale,640.7,68.7,91,Aucune,0.57,1130.0
SORGH-2026-098,Keur DIATTA,5.44,Darou (Améliorée),633.8,135.8,89,Aucune,0.6,1720.0
SORGH-2026-099,Keur DIATTA,4.14,Fadda (Hybride),710.8,131.9,74,Aucune,0.67,2037.0
SORGH-2026-100,Mbadakhoune Centre,3.41,Darou (Améliorée),783.5,104.1,87,Aucune,0.62,1725.0
SORGH-2026-101,Thioffior,2.39,Locale,755.1,121.0,85,Aucune,0.61,1585.0
SORGH-2026-102,Mbadakhoune Centre,4.66,Darou (Améliorée),605.8,81.4,85,Aucune,0.37,1347.0
SORGH-2026-103,Thioffior,4.08,Locale,640.6,97.1,77,Chenille Légionnaire,0.35,805.0
SORGH-2026-104,Keur DIATTA,1.73,Darou (Améliorée),756.4,132.2,97,Aucune,0.45,1826.0
SORGH-2026-105,Mbadakhoune Centre,5.1,Darou (Améliorée),641.1,95.9,88,Aucune,0.46,1494.0
SORGH-2026-106,Gandiaye-Secteur,4.7,Locale,686.5,85.8,75,Aucune,0.59,1297.0
SORGH-2026-107,Ndiédieng,5.27,Fadda (Hybride),733.0,99.4,81,Striga,0.32,1354.0
SORGH-2026-108,Thioffior,4.27,Darou (Améliorée),641.9,132.8,68,Aucune,0.48,1593.0
SORGH-2026-109,Ndiédieng,3.76,Fadda (Hybride),706.3,83.5,89,Aucune,0.45,1898.0
SORGH-2026-110,Ndiédieng,2.88,Locale,620.0,67.4,94,Aucune,0.76,1242.0
SORGH-2026-111,Mbadakhoune Centre,5.2,Locale,663.9,121.2,73,Chenille Légionnaire,0.52,784.0
SORGH-2026-112,Ndiédieng,4.9,Fadda (Hybride),719.2,132.6,85,Aucune,0.61,2065.0
SORGH-2026-113,Gandiaye-Secteur,1.2,Darou (Améliorée),604.4,60.1,84,Striga,0.56,923.0
SORGH-2026-114,Ndiédieng,1.12,Locale,726.4,74.0,83,Aucune,0.69,1326.0
SORGH-2026-115,Mbadakhoune Centre,2.69,Fadda (Hybride),698.8,64.2,83,Aucune,0.6,1839.0
SORGH-2026-116,Gandiaye-Secteur,4.65,Darou (Améliorée),733.1,84.8,76,Striga,0.16999999999999998,1166.0
SORGH-2026-117,Keur DIATTA,5.44,Locale,713.4,95.0,81,Aucune,0.68,1421.0
SORGH-2026-118,Ndiédieng,1.68,Fadda (Hybride),781.8,124.9,92,Chenille Légionnaire,0.5,1262.0
SORGH-2026-119,Mbadakhoune Centre,3.67,Darou (Améliorée),707.5,115.1,82,Chenille Légionnaire,0.45999999999999996,778.0
SORGH-2026-120,Keur DIATTA,2.71,Fadda (Hybride),674.2,112.1,78,Chenille Légionnaire,0.49000000000000005,1000.0
SORGH-2026-121,Keur DIATTA,5.36,Locale,707.3,85.2,71,Aucune,0.57,1268.0
SORGH-2026-122,Thioffior,4.79,Locale,732.6,134.1,77,Striga,0.54,1237.0
SORGH-2026-123,Gandiaye-Secteur,4.77,Locale,702.9,97.1,82,Aucune,0.75,1466.0
SORGH-2026-124,Ndiédieng,3.11,Darou (Améliorée),702.4,147.9,77,Chenille Légionnaire,0.36,958.0
SORGH-2026-125,Mbadakhoune Centre,2.87,Locale,657.9,113.4,95,Striga,0.5,1065.0
SORGH-2026-126,Thioffior,2.23,Locale,660.2,62.6,66,Striga,0.36000000000000004,942.0
SORGH-2026-127,Gandiaye-Secteur,1.25,Fadda (Hybride),615.8,117.6,80,Aucune,0.64,1909.0
SORGH-2026-128,Thioffior,4.89,Locale,805.0,82.5,73,Aucune,0.68,1540.0
SORGH-2026-129,Gandiaye-Secteur,4.66,Fadda (Hybride),625.4,118.6,73,Aucune,0.37,1797.0
SORGH-2026-130,Gandiaye-Secteur,5.5,Darou (Améliorée),658.4,57.0,75,Striga,0.5,959.0
SORGH-2026-131,Ndiédieng,5.48,Fadda (Hybride),656.9,67.5,86,Aucune,0.45,1676.0
SORGH-2026-132,Gandiaye-Secteur,3.5,Fadda (Hybride),753.7,135.6,97,Aucune,0.64,2217.0
SORGH-2026-133,Thioffior,4.46,Fadda (Hybride),682.3,72.7,87,Striga,0.38,1256.0
SORGH-2026-134,Gandiaye-Secteur,5.25,Darou (Améliorée),774.9,133.7,73,Aucune,0.68,1766.0
SORGH-2026-135,Ndiédieng,4.82,Fadda (Hybride),659.6,77.9,88,Aucune,0.4,1761.0
SORGH-2026-136,Ndiédieng,2.11,Darou (Améliorée),716.7,114.3,72,Aucune,0.62,1767.0
SORGH-2026-137,Thioffior,3.03,Fadda (Hybride),649.9,119.4,71,Aucune,0.47,1923.0
SORGH-2026-138,Keur DIATTA,1.58,Fadda (Hybride),828.7,101.3,82,Aucune,0.72,2262.0
SORGH-2026-139,Keur DIATTA,5.29,Darou (Améliorée),628.7,80.5,67,Aucune,0.75,1462.0
SORGH-2026-140,Gandiaye-Secteur,3.73,Darou (Améliorée),718.6,71.3,92,Aucune,0.78,1610.0
SORGH-2026-141,Mbadakhoune Centre,2.03,Fadda (Hybride),738.0,53.3,70,Aucune,0.69,1765.0
SORGH-2026-142,Gandiaye-Secteur,4.02,Darou (Améliorée),724.8,80.4,85,Striga,0.5,1055.0
SORGH-2026-143,Thioffior,3.78,Locale,688.9,115.3,92,Aucune,0.44,1376.0
SORGH-2026-144,Thioffior,2.61,Darou (Améliorée),692.2,143.8,65,Aucune,0.49,1723.0
SORGH-2026-145,Thioffior,1.51,Fadda (Hybride),702.6,137.1,85,Chenille Légionnaire,0.37000000000000005,1059.0
SORGH-2026-146,Thioffior,4.02,Fadda (Hybride),691.2,126.6,77,Aucune,0.68,1983.0
SORGH-2026-147,Thioffior,3.34,Locale,757.8,128.8,74,Aucune,0.74,1617.0
SORGH-2026-148,Ndiédieng,4.48,Fadda (Hybride),832.6,116.5,74,Striga,0.26,1455.0
SORGH-2026-149,Keur DIATTA,3.34,Locale,666.6,76.0,77,Chenille Légionnaire,0.58,866.0
SORGH-2026-150,Thioffior,4.83,Darou (Améliorée),617.8,140.7,88,Striga,0.54,1083.0
SORGH-2026-151,Mbadakhoune Centre,3.48,Locale,694.7,117.1,66,Striga,0.43999999999999995,1057.0
SORGH-2026-152,Mbadakhoune Centre,3.52,Darou (Améliorée),854.8,106.0,86,Striga,0.33,1343.0
SORGH-2026-153,Mbadakhoune Centre,4.94,Locale,651.8,61.1,81,Aucune,0.37,1347.0
SORGH-2026-154,Mbadakhoune Centre,2.82,Fadda (Hybride),798.3,94.7,78,Striga,0.38999999999999996,1342.0
SORGH-2026-155,Ndiédieng,1.6,Darou (Améliorée),800.7,96.0,74,Aucune,0.63,1901.0
SORGH-2026-156,Mbadakhoune Centre,1.13,Darou (Améliorée),666.8,136.5,89,Chenille Légionnaire,0.27,928.0
SORGH-2026-157,Thioffior,4.4,Darou (Améliorée),734.1,104.7,67,Aucune,0.59,1688.0
SORGH-2026-158,Gandiaye-Secteur,3.79,Darou (Améliorée),797.7,88.0,81,Aucune,0.72,1834.0
SORGH-2026-159,Mbadakhoune Centre,4.17,Locale,677.3,147.7,76,Aucune,0.71,1445.0
SORGH-2026-160,Ndiédieng,1.96,Locale,687.8,61.1,88,Striga,0.59,987.0
SORGH-2026-161,Ndiédieng,1.61,Darou (Améliorée),665.1,92.3,93,Aucune,0.51,1538.0
SORGH-2026-162,Mbadakhoune Centre,1.07,Darou (Améliorée),639.1,54.2,89,Chenille Légionnaire,0.3,895.0
SORGH-2026-163,Gandiaye-Secteur,2.58,Darou (Améliorée),661.0,124.0,90,Striga,0.56,1113.0
SORGH-2026-164,Mbadakhoune Centre,3.65,Darou (Améliorée),626.6,141.8,65,Aucune,0.54,1592.0
SORGH-2026-165,Ndiédieng,2.77,Fadda (Hybride),702.0,78.0,84,Striga,0.29000000000000004,1317.0
SORGH-2026-166,Keur DIATTA,2.97,Fadda (Hybride),653.8,135.8,92,Striga,0.30999999999999994,1457.0
SORGH-2026-167,Thioffior,5.07,Fadda (Hybride),714.0,79.2,80,Striga,0.35000000000000003,1447.0
SORGH-2026-168,Ndiédieng,2.57,Fadda (Hybride),606.6,141.1,81,Aucune,0.48,1861.0
SORGH-2026-169,Mbadakhoune Centre,3.31,Fadda (Hybride),719.9,125.4,92,Aucune,0.49,2155.0
SORGH-2026-170,Thioffior,4.53,Fadda (Hybride),750.0,130.5,76,Aucune,0.48,2219.0
SORGH-2026-171,Mbadakhoune Centre,2.78,Fadda (Hybride),580.4,51.8,91,Aucune,0.37,1604.0
SORGH-2026-172,Mbadakhoune Centre,3.8,Fadda (Hybride),722.4,146.3,94,Chenille Légionnaire,0.39,1143.0
SORGH-2026-173,Keur DIATTA,4.88,Locale,773.7,122.7,70,Aucune,0.61,1395.0
SORGH-2026-174,Thioffior,5.27,Darou (Améliorée),627.4,80.5,71,Striga,0.48,1145.0
SORGH-2026-175,Thioffior,1.66,Fadda (Hybride),800.4,132.9,96,Aucune,0.43,2224.0
SORGH-2026-176,Keur DIATTA,5.17,Darou (Améliorée),725.1,78.2,96,Aucune,0.48,1574.0
SORGH-2026-177,Ndiédieng,3.21,Fadda (Hybride),657.7,137.3,89,Striga,0.44,1296.0
SORGH-2026-178,Mbadakhoune Centre,2.16,Locale,696.7,61.3,97,Chenille Légionnaire,0.39,673.0
SORGH-2026-179,Gandiaye-Secteur,3.07,Darou (Améliorée),733.5,120.4,71,Aucune,0.57,1764.0
SORGH-2026-180,Mbadakhoune Centre,5.41,Fadda (Hybride),704.6,104.1,76,Aucune,0.5,1988.0
SORGH-2026-181,Mbadakhoune Centre,3.22,Darou (Améliorée),732.3,59.7,80,Aucune,0.74,1599.0
SORGH-2026-182,Ndiédieng,2.48,Locale,644.8,74.2,80,Aucune,0.5,1289.0
SORGH-2026-183,Mbadakhoune Centre,3.85,Locale,710.2,51.2,77,Aucune,0.55,1198.0
SORGH-2026-184,Keur DIATTA,2.08,Darou (Améliorée),615.2,96.9,71,Aucune,0.64,1410.0
SORGH-2026-185,Keur DIATTA,1.34,Darou (Améliorée),693.3,80.1,73,Aucune,0.58,1448.0
SORGH-2026-186,Thioffior,1.58,Fadda (Hybride),645.8,109.8,96,Striga,0.32999999999999996,1382.0
SORGH-2026-187,Gandiaye-Secteur,1.58,Locale,655.9,79.7,75,Aucune,0.54,1212.0
SORGH-2026-188,Mbadakhoune Centre,1.68,Fadda (Hybride),774.2,80.0,72,Aucune,0.69,1870.0
SORGH-2026-189,Mbadakhoune Centre,1.62,Locale,765.5,124.3,97,Aucune,0.47,1587.0
SORGH-2026-190,Ndiédieng,3.88,Darou (Améliorée),736.5,54.8,87,Striga,0.26,971.0
SORGH-2026-191,Keur DIATTA,1.82,Darou (Améliorée),634.5,140.3,89,Chenille Légionnaire,0.27,926.0
SORGH-2026-192,Gandiaye-Secteur,2.56,Darou (Améliorée),681.0,135.2,72,Aucune,0.72,1661.0
SORGH-2026-193,Thioffior,5.04,Fadda (Hybride),772.8,116.8,86,Striga,0.21000000000000002,1561.0
SORGH-2026-194,Keur DIATTA,3.13,Fadda (Hybride),708.5,109.3,68,Aucune,0.78,1839.0
SORGH-2026-195,Thioffior,4.0,Fadda (Hybride),839.2,139.2,67,Aucune,0.58,2111.0
SORGH-2026-196,Ndiédieng,1.78,Fadda (Hybride),723.6,68.5,93,Aucune,0.77,1860.0
SORGH-2026-197,Ndiédieng,1.87,Darou (Améliorée),711.5,57.9,93,Aucune,0.75,1479.0
SORGH-2026-198,Mbadakhoune Centre,1.18,Fadda (Hybride),681.5,74.0,92,Striga,0.4,1287.0
SORGH-2026-199,Gandiaye-Secteur,1.76,Fadda (Hybride),708.0,129.5,77,Chenille Légionnaire,0.21,963.0
SORGH-2026-200,Thioffior,2.25,Locale,690.9,53.5,79,Aucune,0.42,1234.0
SORGH-2026-201,Keur DIATTA,1.8,Locale,742.5,108.3,87,Striga,0.29000000000000004,982.0
SORGH-2026-202,Ndiédieng,1.4,Locale,757.4,149.5,90,Aucune,0.66,1675.0
SORGH-2026-203,Mbadakhoune Centre,1.54,Locale,652.8,135.6,68,Aucune,0.47,1346.0
SORGH-2026-204,Mbadakhoune Centre,3.07,Fadda (Hybride),620.1,102.1,90,Aucune,0.5,1691.0
SORGH-2026-205,Thioffior,1.93,Fadda (Hybride),589.8,56.4,73,Aucune,0.54,1534.0
SORGH-2026-206,Ndiédieng,2.64,Darou (Améliorée),730.5,133.1,69,Aucune,0.74,1745.0
SORGH-2026-207,Gandiaye-Secteur,3.27,Darou (Améliorée),633.8,109.9,96,Aucune,0.43,1593.0
SORGH-2026-208,Ndiédieng,4.11,Fadda (Hybride),570.8,61.5,84,Aucune,0.35,1535.0
SORGH-2026-209,Thioffior,1.18,Locale,723.3,59.4,75,Aucune,0.38,1271.0
SORGH-2026-210,Thioffior,4.6,Fadda (Hybride),849.6,141.0,79,Striga,0.62,1605.0
SORGH-2026-211,Ndiédieng,3.83,Fadda (Hybride),699.6,116.9,96,Aucune,0.63,1958.0
SORGH-2026-212,Thioffior,1.37,Darou (Améliorée),750.3,132.9,92,Chenille Légionnaire,0.31999999999999995,980.0
SORGH-2026-213,Ndiédieng,4.93,Darou (Améliorée),704.9,137.9,86,Aucune,0.43,1814.0
SORGH-2026-214,Keur DIATTA,5.14,Darou (Améliorée),694.1,107.2,81,Striga,0.33999999999999997,1049.0
SORGH-2026-215,Ndiédieng,1.27,Fadda (Hybride),755.1,101.7,90,Chenille Légionnaire,0.2,1118.0
SORGH-2026-216,Ndiédieng,2.25,Locale,682.6,93.0,71,Striga,0.5700000000000001,807.0
SORGH-2026-217,Thioffior,4.63,Fadda (Hybride),716.0,81.7,90,Aucune,0.69,1925.0
SORGH-2026-218,Thioffior,4.37,Fadda (Hybride),719.3,93.5,89,Striga,0.44000000000000006,1291.0
SORGH-2026-219,Mbadakhoune Centre,1.83,Locale,659.9,127.4,74,Aucune,0.72,1489.0
SORGH-2026-220,Mbadakhoune Centre,1.94,Locale,759.5,110.2,83,Aucune,0.46,1405.0
SORGH-2026-221,Keur DIATTA,2.67,Locale,689.5,139.3,75,Aucune,0.66,1514.0
SORGH-2026-222,Mbadakhoune Centre,3.18,Locale,654.7,94.3,77,Aucune,0.72,1424.0
SORGH-2026-223,Ndiédieng,3.78,Darou (Améliorée),732.2,110.7,72,Aucune,0.5,1592.0
SORGH-2026-224,Thioffior,2.66,Darou (Améliorée),646.1,113.1,68,Chenille Légionnaire,0.45000000000000007,784.0
SORGH-2026-225,Mbadakhoune Centre,3.08,Fadda (Hybride),701.7,109.2,95,Striga,0.29,1328.0
SORGH-2026-226,Mbadakhoune Centre,4.36,Darou (Améliorée),699.5,120.3,92,Aucune,0.48,1684.0
SORGH-2026-227,Keur DIATTA,1.17,Fadda (Hybride),765.2,73.7,75,Chenille Légionnaire,0.23,1084.0
SORGH-2026-228,Keur DIATTA,2.14,Fadda (Hybride),728.5,101.2,65,Aucune,0.54,1850.0
SORGH-2026-229,Ndiédieng,4.21,Darou (Améliorée),698.5,60.4,88,Chenille Légionnaire,0.42000000000000004,759.0
SORGH-2026-230,Thioffior,5.03,Darou (Améliorée),749.1,88.5,95,Aucune,0.75,1557.0
SORGH-2026-231,Keur DIATTA,3.3,Fadda (Hybride),783.4,98.8,90,Aucune,0.61,2195.0
SORGH-2026-232,Mbadakhoune Centre,3.39,Fadda (Hybride),733.5,115.2,69,Striga,0.52,1501.0
SORGH-2026-233,Thioffior,1.48,Darou (Améliorée),700.6,145.1,84,Striga,0.5299999999999999,1278.0
SORGH-2026-234,Thioffior,3.01,Fadda (Hybride),621.3,110.1,75,Striga,0.24,1192.0
SORGH-2026-235,Mbadakhoune Centre,3.4,Locale,636.1,124.4,97,Chenille Légionnaire,0.31000000000000005,851.0
SORGH-2026-236,Keur DIATTA,2.09,Darou (Améliorée),681.7,100.6,91,Striga,0.24000000000000002,1216.0
SORGH-2026-237,Mbadakhoune Centre,2.21,Darou (Améliorée),663.4,113.4,79,Striga,0.51,1105.0
SORGH-2026-238,Thioffior,2.7,Darou (Améliorée),688.8,57.1,96,Chenille Légionnaire,0.53,849.0
SORGH-2026-239,Gandiaye-Secteur,1.09,Locale,703.4,75.4,85,Striga,0.24999999999999997,1050.0
SORGH-2026-240,Gandiaye-Secteur,2.45,Fadda (Hybride),731.8,86.2,69,Aucune,0.67,1741.0
SORGH-2026-241,Ndiédieng,1.95,Darou (Améliorée),695.8,97.2,70,Chenille Légionnaire,0.41000000000000003,940.0
SORGH-2026-242,Mbadakhoune Centre,2.47,Darou (Améliorée),729.2,54.6,86,Aucune,0.6,1529.0
SORGH-2026-243,Mbadakhoune Centre,1.54,Fadda (Hybride),703.9,64.0,82,Striga,0.39,1174.0
SORGH-2026-244,Ndiédieng,5.01,Locale,581.5,77.7,78,Chenille Légionnaire,0.27,586.0
SORGH-2026-245,Ndiédieng,3.67,Darou (Améliorée),643.6,147.2,74,Striga,0.26,1096.0
SORGH-2026-246,Ndiédieng,4.06,Darou (Améliorée),691.4,83.1,77,Striga,0.25,995.0
SORGH-2026-247,Thioffior,4.55,Locale,627.4,98.2,95,Striga,0.22999999999999998,1087.0
SORGH-2026-248,Mbadakhoune Centre,3.24,Locale,736.0,69.6,94,Aucune,0.6,1456.0
SORGH-2026-249,Thioffior,1.39,Darou (Améliorée),791.8,111.1,67,Chenille Légionnaire,0.24000000000000002,1034.0
SORGH-2026-250,Ndiédieng,3.42,Locale,773.1,78.1,94,Aucune,0.73,1527.0
SORGH-2026-251,Mbadakhoune Centre,3.64,Darou (Améliorée),687.2,70.7,70,Aucune,0.57,1490.0
SORGH-2026-252,Thioffior,4.35,Darou (Améliorée),789.4,101.7,93,Aucune,0.65,1800.0
SORGH-2026-253,Thioffior,2.94,Darou (Améliorée),708.9,50.6,72,Aucune,0.53,1434.0
SORGH-2026-254,Ndiédieng,1.57,Darou (Améliorée),679.8,50.8,97,Aucune,0.59,1487.0
SORGH-2026-255,Mbadakhoune Centre,2.28,Fadda (Hybride),663.2,71.9,81,Striga,0.62,1122.0
SORGH-2026-256,Ndiédieng,2.63,Locale,681.9,53.7,75,Aucune,0.39,1339.0
SORGH-2026-257,Mbadakhoune Centre,3.91,Locale,676.7,60.8,77,Aucune,0.46,1139.0
SORGH-2026-258,Gandiaye-Secteur,3.57,Fadda (Hybride),710.2,83.9,75,Aucune,0.69,1766.0
SORGH-2026-259,Keur DIATTA,2.6,Locale,709.6,130.3,95,Aucune,0.39,1693.0
SORGH-2026-260,Keur DIATTA,5.44,Fadda (Hybride),700.2,107.2,92,Striga,0.28,1394.0
SORGH-2026-261,Keur DIATTA,3.73,Fadda (Hybride),726.2,101.3,70,Aucune,0.51,1923.0
SORGH-2026-262,Ndiédieng,2.07,Darou (Améliorée),771.4,79.3,80,Aucune,0.39,1708.0
SORGH-2026-263,Gandiaye-Secteur,1.46,Fadda (Hybride),757.0,143.2,68,Aucune,0.6,1978.0
SORGH-2026-264,Mbadakhoune Centre,1.69,Locale,610.9,89.7,90,Aucune,0.45,1203.0
SORGH-2026-265,Thioffior,2.11,Locale,546.8,58.7,76,Aucune,0.74,1078.0
SORGH-2026-266,Mbadakhoune Centre,1.72,Darou (Améliorée),756.1,111.7,75,Aucune,0.69,1648.0
SORGH-2026-267,Thioffior,1.84,Fadda (Hybride),618.0,61.4,89,Striga,0.48,1168.0
SORGH-2026-268,Mbadakhoune Centre,2.28,Fadda (Hybride),686.5,84.5,82,Striga,0.43,1323.0
SORGH-2026-269,Gandiaye-Secteur,1.78,Darou (Améliorée),629.8,100.7,83,Aucune,0.72,1641.0
SORGH-2026-270,Thioffior,5.04,Locale,591.9,137.4,87,Chenille Légionnaire,0.22,828.0
SORGH-2026-271,Ndiédieng,1.36,Darou (Améliorée),732.5,99.4,82,Aucune,0.73,1597.0
SORGH-2026-272,Mbadakhoune Centre,3.36,Fadda (Hybride),745.5,120.2,90,Aucune,0.69,2058.0
SORGH-2026-273,Mbadakhoune Centre,2.85,Darou (Améliorée),665.4,149.3,70,Chenille Légionnaire,0.51,876.0
SORGH-2026-274,Thioffior,5.42,Darou (Améliorée),544.5,63.1,68,Aucune,0.59,1183.0
SORGH-2026-275,Ndiédieng,1.5,Darou (Améliorée),667.2,77.5,93,Chenille Légionnaire,0.30000000000000004,763.0
SORGH-2026-276,Ndiédieng,2.79,Fadda (Hybride),723.5,89.5,81,Aucune,0.53,2035.0
SORGH-2026-277,Gandiaye-Secteur,5.36,Darou (Améliorée),611.3,92.2,80,Aucune,0.69,1477.0
SORGH-2026-278,Ndiédieng,4.89,Darou (Améliorée),711.0,91.1,66,Aucune,0.36,1546.0
SORGH-2026-279,Ndiédieng,4.68,Locale,699.1,140.8,72,Striga,0.51,1077.0
SORGH-2026-280,Ndiédieng,2.16,Fadda (Hybride),734.8,121.4,77,Striga,0.26,1454.0
SORGH-2026-281,Keur DIATTA,1.77,Darou (Améliorée),707.2,110.8,72,Striga,0.26,1228.0
SORGH-2026-282,Gandiaye-Secteur,4.01,Locale,641.6,80.9,94,Aucune,0.4,1278.0
SORGH-2026-283,Mbadakhoune Centre,5.18,Fadda (Hybride),771.8,132.4,96,Aucune,0.36,2224.0
SORGH-2026-284,Thioffior,3.51,Locale,690.5,145.5,94,Aucune,0.58,1486.0
SORGH-2026-285,Mbadakhoune Centre,3.57,Darou (Améliorée),698.4,132.1,65,Aucune,0.44,1646.0
SORGH-2026-286,Gandiaye-Secteur,2.26,Fadda (Hybride),644.0,50.2,81,Chenille Légionnaire,0.5800000000000001,911.0
SORGH-2026-287,Thioffior,4.46,Fadda (Hybride),673.4,113.6,84,Aucune,0.6,1934.0
SORGH-2026-288,Gandiaye-Secteur,1.84,Darou (Améliorée),646.9,55.1,88,Striga,0.27999999999999997,1021.0
SORGH-2026-289,Ndiédieng,2.46,Fadda (Hybride),689.6,75.8,86,Striga,0.46,1341.0
SORGH-2026-290,Thioffior,2.91,Darou (Améliorée),802.7,56.0,93,Aucune,0.74,1637.0
SORGH-2026-291,Ndiédieng,3.28,Fadda (Hybride),617.7,110.4,86,Striga,0.51,1294.0
SORGH-2026-292,Mbadakhoune Centre,2.09,Darou (Améliorée),603.2,118.7,73,Aucune,0.38,1461.0
SORGH-2026-293,Mbadakhoune Centre,1.52,Fadda (Hybride),788.3,61.4,74,Aucune,0.74,2111.0
SORGH-2026-294,Thioffior,3.75,Locale,687.4,88.4,92,Aucune,0.69,1333.0
SORGH-2026-295,Thioffior,2.3,Locale,659.9,95.6,92,Aucune,0.42,1334.0
SORGH-2026-296,Gandiaye-Secteur,3.62,Locale,762.4,86.9,85,Aucune,0.37,1533.0
SORGH-2026-297,Gandiaye-Secteur,1.69,Darou (Améliorée),663.7,62.1,88,Aucune,0.59,1458.0
SORGH-2026-298,Ndiédieng,3.17,Fadda (Hybride),809.6,91.9,66,Aucune,0.42,2063.0
SORGH-2026-299,Thioffior,3.4,Darou (Améliorée),740.7,125.1,72,Aucune,0.71,1734.0
SORGH-2026-300,Mbadakhoune Centre,1.23,Fadda (Hybride),670.7,57.1,91,Striga,0.37,1199.0
SORGH-2026-301,Gandiaye-Secteur,2.51,Fadda (Hybride),829.4,58.0,86,Striga,0.61,1341.0
SORGH-2026-302,Gandiaye-Secteur,1.6,Fadda (Hybride),663.7,85.5,91,Aucune,0.59,1781.0
SORGH-2026-303,Mbadakhoune Centre,1.29,Darou (Améliorée),744.5,144.2,93,Aucune,0.43,1825.0
SORGH-2026-304,Gandiaye-Secteur,5.45,Darou (Améliorée),718.0,116.9,67,Striga,0.21999999999999997,1142.0
SORGH-2026-305,Ndiédieng,2.45,Darou (Améliorée),778.1,117.9,77,Aucune,0.6,1708.0
SORGH-2026-306,Thioffior,4.64,Darou (Améliorée),793.7,86.2,74,Striga,0.5800000000000001,1175.0
SORGH-2026-307,Mbadakhoune Centre,2.15,Fadda (Hybride),701.9,109.4,73,Aucune,0.69,1828.0
SORGH-2026-308,Thioffior,4.07,Locale,654.8,51.0,91,Aucune,0.47,1323.0
SORGH-2026-309,Gandiaye-Secteur,4.42,Darou (Améliorée),727.6,113.6,65,Aucune,0.44,1718.0
SORGH-2026-310,Gandiaye-Secteur,3.68,Darou (Améliorée),659.3,141.3,96,Aucune,0.36,1686.0
SORGH-2026-311,Mbadakhoune Centre,3.12,Fadda (Hybride),820.8,111.3,89,Striga,0.51,1465.0
SORGH-2026-312,Ndiédieng,2.85,Darou (Améliorée),708.2,137.4,93,Aucune,0.38,1799.0
SORGH-2026-313,Keur DIATTA,2.57,Darou (Améliorée),678.1,122.4,71,Striga,0.37,1232.0
SORGH-2026-314,Mbadakhoune Centre,5.18,Fadda (Hybride),711.1,62.1,67,Chenille Légionnaire,0.44999999999999996,1069.0
SORGH-2026-315,Keur DIATTA,4.74,Fadda (Hybride),619.2,140.2,84,Aucune,0.75,1819.0
SORGH-2026-316,Keur DIATTA,5.34,Darou (Améliorée),641.7,56.6,84,Striga,0.37,1077.0
SORGH-2026-317,Ndiédieng,1.56,Darou (Améliorée),772.0,103.4,94,Aucune,0.46,1774.0
SORGH-2026-318,Keur DIATTA,4.29,Fadda (Hybride),660.6,64.2,91,Aucune,0.63,1760.0
SORGH-2026-319,Keur DIATTA,5.22,Locale,637.2,51.2,90,Striga,0.44,908.0
SORGH-2026-320,Ndiédieng,1.82,Fadda (Hybride),732.2,92.2,78,Aucune,0.49,1885.0
SORGH-2026-321,Keur DIATTA,1.3,Darou (Améliorée),771.1,79.5,81,Aucune,0.75,1746.0
SORGH-2026-322,Keur DIATTA,4.34,Locale,743.1,98.6,82,Aucune,0.71,1571.0
SORGH-2026-323,Keur DIATTA,3.59,Darou (Améliorée),759.8,107.7,93,Aucune,0.45,1881.0
SORGH-2026-324,Mbadakhoune Centre,4.79,Darou (Améliorée),654.6,54.4,84,Chenille Légionnaire,0.21000000000000002,655.0
SORGH-2026-325,Mbadakhoune Centre,1.63,Fadda (Hybride),614.7,62.3,91,Chenille Légionnaire,0.33999999999999997,908.0
SORGH-2026-326,Mbadakhoune Centre,4.58,Fadda (Hybride),790.1,105.9,82,Striga,0.49000000000000005,1309.0
SORGH-2026-327,Ndiédieng,1.91,Locale,680.6,84.3,68,Striga,0.21,861.0
SORGH-2026-328,Gandiaye-Secteur,1.74,Darou (Améliorée),685.0,122.9,65,Aucune,0.65,1435.0
SORGH-2026-329,Keur DIATTA,1.74,Locale,779.7,115.2,65,Aucune,0.63,1532.0
SORGH-2026-330,Keur DIATTA,4.67,Fadda (Hybride),733.4,134.6,90,Aucune,0.45,2131.0
SORGH-2026-331,Ndiédieng,3.99,Fadda (Hybride),727.4,119.2,84,Aucune,0.64,1996.0
SORGH-2026-332,Keur DIATTA,3.35,Fadda (Hybride),829.9,93.0,87,Aucune,0.75,2059.0
SORGH-2026-333,Mbadakhoune Centre,2.61,Darou (Améliorée),661.4,117.3,74,Chenille Légionnaire,0.13999999999999999,902.0
SORGH-2026-334,Gandiaye-Secteur,4.95,Fadda (Hybride),755.7,77.5,75,Aucune,0.49,1822.0
SORGH-2026-335,Thioffior,2.77,Locale,703.4,80.6,69,Aucune,0.54,1252.0
SORGH-2026-336,Keur DIATTA,4.67,Darou (Améliorée),716.1,128.9,65,Aucune,0.74,1585.0
SORGH-2026-337,Mbadakhoune Centre,2.98,Locale,791.7,94.6,81,Striga,0.62,1041.0
SORGH-2026-338,Thioffior,2.7,Fadda (Hybride),730.5,129.8,86,Striga,0.37,1411.0
SORGH-2026-339,Gandiaye-Secteur,3.08,Locale,732.3,132.2,93,Aucune,0.67,1539.0
SORGH-2026-340,Thioffior,2.36,Darou (Améliorée),764.4,135.8,68,Aucune,0.58,1811.0
SORGH-2026-341,Mbadakhoune Centre,4.36,Darou (Améliorée),678.1,141.7,69,Striga,0.37999999999999995,1243.0
SORGH-2026-342,Thioffior,3.26,Locale,649.6,93.1,75,Aucune,0.47,1426.0
SORGH-2026-343,Ndiédieng,2.04,Darou (Améliorée),637.3,81.9,85,Aucune,0.44,1505.0
SORGH-2026-344,Thioffior,5.05,Darou (Améliorée),582.0,108.2,76,Striga,0.35,1054.0
SORGH-2026-345,Keur DIATTA,2.73,Fadda (Hybride),823.4,87.1,90,Striga,0.44999999999999996,1484.0
SORGH-2026-346,Keur DIATTA,3.45,Fadda (Hybride),633.8,110.1,83,Aucune,0.36,1717.0
SORGH-2026-347,Ndiédieng,5.08,Locale,686.7,120.6,71,Striga,0.59,965.0
SORGH-2026-348,Mbadakhoune Centre,3.81,Darou (Améliorée),683.4,118.8,71,Striga,0.31,1108.0
SORGH-2026-349,Keur DIATTA,1.53,Darou (Améliorée),718.4,87.5,90,Aucune,0.44,1607.0
SORGH-2026-350,Gandiaye-Secteur,5.23,Darou (Améliorée),748.9,66.7,69,Chenille Légionnaire,0.4099999999999999,852.0
SORGH-2026-351,Keur DIATTA,3.82,Fadda (Hybride),751.6,93.1,85,Striga,0.48000000000000004,1372.0
SORGH-2026-352,Keur DIATTA,2.51,Fadda (Hybride),665.0,64.3,78,Striga,0.19,1129.0
SORGH-2026-353,Mbadakhoune Centre,1.63,Darou (Améliorée),690.0,139.0,68,Striga,0.35,1164.0
SORGH-2026-354,Thioffior,4.57,Darou (Améliorée),717.0,84.6,87,Aucune,0.77,1577.0
SORGH-2026-355,Keur DIATTA,3.79,Fadda (Hybride),685.1,65.4,84,Aucune,0.46,1582.0
SORGH-2026-356,Ndiédieng,3.4,Darou (Améliorée),796.4,52.5,79,Aucune,0.48,1510.0
SORGH-2026-357,Thioffior,5.02,Fadda (Hybride),729.5,114.6,93,Aucune,0.71,2060.0
SORGH-2026-358,Gandiaye-Secteur,4.55,Darou (Améliorée),744.1,113.7,72,Aucune,0.37,1776.0
SORGH-2026-359,Mbadakhoune Centre,1.68,Fadda (Hybride),739.8,84.1,83,Chenille Légionnaire,0.39,878.0
SORGH-2026-360,Gandiaye-Secteur,2.4,Darou (Améliorée),770.4,57.2,92,Striga,0.4,1081.0
SORGH-2026-361,Thioffior,2.12,Fadda (Hybride),710.9,91.0,91,Striga,0.3,1387.0
SORGH-2026-362,Thioffior,4.35,Darou (Améliorée),622.2,81.1,68,Chenille Légionnaire,0.26999999999999996,846.0
SORGH-2026-363,Thioffior,1.15,Fadda (Hybride),724.0,117.7,79,Striga,0.26,1367.0
SORGH-2026-364,Gandiaye-Secteur,3.56,Fadda (Hybride),660.9,110.6,65,Aucune,0.49,1764.0
SORGH-2026-365,Thioffior,4.43,Fadda (Hybride),668.3,86.5,67,Aucune,0.37,1845.0
SORGH-2026-366,Gandiaye-Secteur,4.95,Darou (Améliorée),735.2,71.8,88,Aucune,0.69,1676.0
SORGH-2026-367,Thioffior,2.54,Darou (Améliorée),774.3,148.8,91,Striga,0.37,1396.0
SORGH-2026-368,Ndiédieng,4.7,Fadda (Hybride),701.3,95.4,93,Aucune,0.54,1908.0
SORGH-2026-369,Thioffior,1.5,Darou (Améliorée),718.5,118.8,88,Striga,0.6,1294.0
SORGH-2026-370,Gandiaye-Secteur,4.81,Locale,802.1,64.1,88,Aucune,0.63,1321.0
SORGH-2026-371,Keur DIATTA,1.57,Darou (Améliorée),714.4,98.6,68,Striga,0.19999999999999998,1202.0
SORGH-2026-372,Thioffior,2.79,Fadda (Hybride),856.1,52.8,67,Striga,0.5700000000000001,1356.0
SORGH-2026-373,Keur DIATTA,4.59,Darou (Améliorée),733.9,100.5,87,Striga,0.29000000000000004,1195.0
SORGH-2026-374,Ndiédieng,1.67,Fadda (Hybride),594.4,146.4,87,Chenille Légionnaire,0.18000000000000002,984.0
SORGH-2026-375,Mbadakhoune Centre,2.03,Fadda (Hybride),745.2,88.4,69,Striga,0.54,1189.0
SORGH-2026-376,Ndiédieng,4.25,Locale,722.9,53.9,95,Chenille Légionnaire,0.35,760.0
SORGH-2026-377,Thioffior,4.24,Fadda (Hybride),777.4,53.1,70,Chenille Légionnaire,0.32000000000000006,1048.0
SORGH-2026-378,Keur DIATTA,3.89,Darou (Améliorée),740.4,88.8,74,Striga,0.35000000000000003,1190.0
SORGH-2026-379,Keur DIATTA,4.12,Darou (Améliorée),691.7,66.0,71,Striga,0.42999999999999994,1081.0
SORGH-2026-380,Gandiaye-Secteur,3.44,Darou (Améliorée),626.5,52.3,85,Aucune,0.47,1428.0
SORGH-2026-381,Keur DIATTA,2.13,Darou (Améliorée),687.5,125.6,84,Aucune,0.74,1622.0
SORGH-2026-382,Gandiaye-Secteur,2.56,Fadda (Hybride),649.0,95.9,67,Aucune,0.44,1812.0
SORGH-2026-383,Mbadakhoune Centre,1.82,Fadda (Hybride),665.2,78.9,86,Aucune,0.73,1723.0
SORGH-2026-384,Thioffior,5.09,Darou (Améliorée),735.3,140.0,68,Aucune,0.59,1827.0
SORGH-2026-385,Gandiaye-Secteur,3.63,Fadda (Hybride),800.2,61.6,92,Chenille Légionnaire,0.53,1085.0
SORGH-2026-386,Mbadakhoune Centre,2.8,Fadda (Hybride),723.7,145.6,76,Chenille Légionnaire,0.43000000000000005,1140.0
SORGH-2026-387,Keur DIATTA,3.08,Fadda (Hybride),628.2,81.4,69,Striga,0.51,1241.0
SORGH-2026-388,Keur DIATTA,5.26,Fadda (Hybride),726.7,138.8,77,Aucune,0.49,2141.0
SORGH-2026-389,Mbadakhoune Centre,1.69,Fadda (Hybride),771.8,110.3,87,Aucune,0.45,2141.0
SORGH-2026-390,Keur DIATTA,3.64,Fadda (Hybride),663.4,132.7,94,Aucune,0.44,1950.0
SORGH-2026-391,Mbadakhoune Centre,3.28,Darou (Améliorée),692.0,148.4,89,Aucune,0.72,1838.0
SORGH-2026-392,Gandiaye-Secteur,3.75,Darou (Améliorée),700.9,78.8,91,Aucune,0.7,1539.0
SORGH-2026-393,Gandiaye-Secteur,1.08,Locale,652.9,146.1,78,Aucune,0.54,1522.0
SORGH-2026-394,Mbadakhoune Centre,4.92,Fadda (Hybride),738.9,88.9,80,Chenille Légionnaire,0.15999999999999998,954.0
SORGH-2026-395,Gandiaye-Secteur,5.19,Fadda (Hybride),692.7,88.6,86,Striga,0.4,1307.0
SORGH-2026-396,Gandiaye-Secteur,3.54,Fadda (Hybride),725.2,84.0,85,Aucune,0.62,1849.0
SORGH-2026-397,Gandiaye-Secteur,4.13,Darou (Améliorée),646.8,104.1,85,Aucune,0.55,1642.0
SORGH-2026-398,Ndiédieng,5.15,Darou (Améliorée),673.8,65.4,72,Aucune,0.69,1542.0
SORGH-2026-399,Thioffior,4.18,Fadda (Hybride),743.3,105.4,80,Aucune,0.78,2007.0
SORGH-2026-400,Keur DIATTA,1.69,Locale,677.6,104.2,95,Chenille Légionnaire,0.19999999999999998,804.0
SORGH-2026-401,Ndiédieng,3.59,Fadda (Hybride),803.6,126.2,74,Aucune,0.55,2188.0
SORGH-2026-402,Gandiaye-Secteur,3.73,Darou (Améliorée),676.0,133.4,96,Aucune,0.54,1824.0
SORGH-2026-403,Mbadakhoune Centre,2.91,Darou (Améliorée),713.5,94.0,73,Aucune,0.48,1602.0
SORGH-2026-404,Gandiaye-Secteur,4.31,Locale,756.0,80.2,81,Aucune,0.44,1393.0
SORGH-2026-405,Thioffior,5.2,Darou (Améliorée),614.9,75.9,75,Striga,0.21,1041.0
SORGH-2026-406,Gandiaye-Secteur,5.17,Locale,594.4,69.5,96,Striga,0.55,739.0
SORGH-2026-407,Mbadakhoune Centre,3.03,Fadda (Hybride),608.5,55.8,74,Striga,0.4,1175.0
SORGH-2026-408,Thioffior,1.51,Locale,775.8,84.2,86,Aucune,0.56,1426.0
SORGH-2026-409,Gandiaye-Secteur,5.43,Fadda (Hybride),666.9,77.0,81,Aucune,0.74,1758.0
SORGH-2026-410,Thioffior,4.78,Locale,853.5,146.6,68,Aucune,0.68,1743.0
SORGH-2026-411,Keur DIATTA,1.56,Darou (Améliorée),666.1,105.8,89,Chenille Légionnaire,0.20999999999999996,861.0
SORGH-2026-412,Keur DIATTA,5.14,Locale,711.1,84.7,85,Aucune,0.59,1449.0
SORGH-2026-413,Gandiaye-Secteur,4.91,Darou (Améliorée),792.5,108.0,65,Aucune,0.54,1806.0
SORGH-2026-414,Thioffior,3.33,Darou (Améliorée),820.4,63.9,89,Striga,0.51,1209.0
SORGH-2026-415,Mbadakhoune Centre,3.66,Darou (Améliorée),823.7,94.4,81,Striga,0.54,1269.0
SORGH-2026-416,Gandiaye-Secteur,2.8,Darou (Améliorée),772.5,112.6,88,Aucune,0.65,1776.0
SORGH-2026-417,Keur DIATTA,1.25,Fadda (Hybride),761.4,98.9,66,Aucune,0.5,1951.0
SORGH-2026-418,Keur DIATTA,2.51,Fadda (Hybride),735.6,90.2,79,Aucune,0.7,1840.0
SORGH-2026-419,Gandiaye-Secteur,4.61,Fadda (Hybride),746.7,149.4,96,Chenille Légionnaire,0.19999999999999998,1194.0
SORGH-2026-420,Thioffior,1.02,Fadda (Hybride),666.9,138.0,70,Aucune,0.42,1841.0
SORGH-2026-421,Keur DIATTA,2.5,Locale,650.9,112.3,65,Chenille Légionnaire,0.28,668.0
SORGH-2026-422,Thioffior,2.79,Fadda (Hybride),699.8,106.9,87,Aucune,0.38,1805.0
SORGH-2026-423,Keur DIATTA,3.42,Locale,689.8,112.1,81,Chenille Légionnaire,0.25,807.0
SORGH-2026-424,Keur DIATTA,5.14,Fadda (Hybride),672.8,70.1,93,Striga,0.58,1395.0
SORGH-2026-425,Ndiédieng,2.56,Fadda (Hybride),741.8,89.5,73,Aucune,0.76,1873.0
SORGH-2026-426,Keur DIATTA,2.56,Darou (Améliorée),757.3,53.9,77,Chenille Légionnaire,0.3,929.0
SORGH-2026-427,Mbadakhoune Centre,4.32,Darou (Améliorée),705.3,97.6,70,Aucune,0.46,1672.0
SORGH-2026-428,Gandiaye-Secteur,3.03,Darou (Améliorée),788.7,104.3,70,Chenille Légionnaire,0.29,857.0
SORGH-2026-429,Gandiaye-Secteur,2.01,Darou (Améliorée),631.5,72.8,84,Striga,0.29,950.0
SORGH-2026-430,Thioffior,3.04,Darou (Améliorée),688.4,146.4,67,Aucune,0.37,1768.0
SORGH-2026-431,Keur DIATTA,1.63,Fadda (Hybride),657.0,140.9,81,Striga,0.58,1376.0
SORGH-2026-432,Mbadakhoune Centre,1.79,Locale,588.0,122.2,76,Chenille Légionnaire,0.21,629.0
SORGH-2026-433,Thioffior,3.24,Locale,695.0,103.3,65,Aucune,0.53,1319.0
SORGH-2026-434,Ndiédieng,2.89,Darou (Améliorée),692.7,137.0,81,Aucune,0.35,1753.0
SORGH-2026-435,Thioffior,5.12,Fadda (Hybride),790.8,63.1,67,Striga,0.52,1252.0
SORGH-2026-436,Thioffior,2.63,Darou (Améliorée),737.8,129.1,90,Striga,0.51,1046.0
SORGH-2026-437,Keur DIATTA,3.61,Fadda (Hybride),638.5,62.5,79,Aucune,0.76,1649.0
SORGH-2026-438,Ndiédieng,3.85,Fadda (Hybride),811.2,129.4,96,Aucune,0.69,2230.0
SORGH-2026-439,Thioffior,1.06,Fadda (Hybride),773.3,77.6,96,Aucune,0.48,2012.0
SORGH-2026-440,Mbadakhoune Centre,3.99,Darou (Améliorée),734.9,137.7,68,Aucune,0.46,1831.0
SORGH-2026-441,Mbadakhoune Centre,1.8,Locale,686.4,144.4,82,Aucune,0.65,1515.0
SORGH-2026-442,Gandiaye-Secteur,5.32,Darou (Améliorée),642.4,64.9,83,Chenille Légionnaire,0.35,817.0
SORGH-2026-443,Ndiédieng,1.67,Darou (Améliorée),677.7,96.3,78,Aucune,0.59,1652.0
SORGH-2026-444,Ndiédieng,2.87,Darou (Améliorée),765.3,148.1,97,Striga,0.24999999999999997,1337.0
SORGH-2026-445,Gandiaye-Secteur,1.38,Fadda (Hybride),813.1,98.3,78,Aucune,0.38,2233.0
SORGH-2026-446,Thioffior,5.49,Fadda (Hybride),792.6,136.4,68,Aucune,0.58,2033.0
SORGH-2026-447,Ndiédieng,3.26,Locale,670.7,108.9,88,Aucune,0.59,1351.0
SORGH-2026-448,Mbadakhoune Centre,3.68,Fadda (Hybride),632.8,87.5,93,Aucune,0.67,1851.0
SORGH-2026-449,Mbadakhoune Centre,1.3,Locale,708.5,78.6,83,Striga,0.27999999999999997,1057.0
SORGH-2026-450,Keur DIATTA,4.37,Darou (Améliorée),593.9,70.3,70,Chenille Légionnaire,0.32999999999999996,730.0
SORGH-2026-451,Ndiédieng,1.94,Darou (Améliorée),719.4,126.2,97,Striga,0.28,1172.0
SORGH-2026-452,Thioffior,5.04,Darou (Améliorée),691.1,88.7,83,Chenille Légionnaire,0.21000000000000002,1005.0
SORGH-2026-453,Gandiaye-Secteur,1.92,Darou (Améliorée),672.0,101.1,65,Chenille Légionnaire,0.34,784.0
SORGH-2026-454,Gandiaye-Secteur,1.86,Locale,604.3,99.2,69,Aucune,0.42,1286.0
SORGH-2026-455,Thioffior,1.16,Locale,730.8,107.7,91,Striga,0.29000000000000004,1148.0
SORGH-2026-456,Keur DIATTA,3.12,Darou (Améliorée),668.0,136.6,80,Striga,0.31999999999999995,1145.0
SORGH-2026-457,Gandiaye-Secteur,3.54,Fadda (Hybride),629.8,148.1,70,Aucune,0.46,1865.0
SORGH-2026-458,Ndiédieng,1.3,Darou (Améliorée),527.7,90.8,77,Striga,0.27,901.0
SORGH-2026-459,Keur DIATTA,4.49,Locale,698.3,132.8,83,Aucune,0.39,1567.0
SORGH-2026-460,Ndiédieng,3.04,Fadda (Hybride),806.3,126.5,76,Aucune,0.43,2228.0
SORGH-2026-461,Mbadakhoune Centre,3.36,Darou (Améliorée),799.7,107.4,80,Striga,0.16999999999999998,1249.0
SORGH-2026-462,Keur DIATTA,2.98,Darou (Améliorée),672.6,145.6,74,Aucune,0.62,1835.0
SORGH-2026-463,Gandiaye-Secteur,2.8,Darou (Améliorée),663.9,70.0,89,Aucune,0.47,1519.0
SORGH-2026-464,Keur DIATTA,3.52,Fadda (Hybride),728.1,60.9,84,Chenille Légionnaire,0.26999999999999996,1105.0
SORGH-2026-465,Keur DIATTA,1.7,Darou (Améliorée),640.1,135.4,95,Striga,0.38,1152.0
SORGH-2026-466,Keur DIATTA,1.82,Locale,718.1,93.9,68,Aucune,0.64,1556.0
SORGH-2026-467,Keur DIATTA,4.88,Fadda (Hybride),746.0,134.7,87,Striga,0.53,1604.0
SORGH-2026-468,Ndiédieng,5.26,Fadda (Hybride),773.6,139.3,66,Aucune,0.68,2089.0
SORGH-2026-469,Mbadakhoune Centre,2.68,Locale,694.0,56.2,86,Aucune,0.66,1419.0
SORGH-2026-470,Thioffior,2.22,Fadda (Hybride),687.8,138.3,72,Chenille Légionnaire,0.4,1193.0
SORGH-2026-471,Keur DIATTA,3.9,Locale,647.3,94.8,71,Striga,0.46,1031.0
SORGH-2026-472,Gandiaye-Secteur,2.84,Darou (Améliorée),650.4,101.0,78,Aucune,0.59,1363.0
SORGH-2026-473,Keur DIATTA,1.11,Fadda (Hybride),686.4,112.7,67,Striga,0.24,1364.0
SORGH-2026-474,Gandiaye-Secteur,1.7,Locale,722.0,142.6,80,Chenille Légionnaire,0.22,889.0
SORGH-2026-475,Ndiédieng,4.22,Darou (Améliorée),754.8,51.9,83,Aucune,0.48,1605.0
SORGH-2026-476,Gandiaye-Secteur,3.97,Darou (Améliorée),651.8,97.7,82,Aucune,0.74,1572.0
SORGH-2026-477,Thioffior,1.12,Fadda (Hybride),789.6,118.8,80,Aucune,0.59,2131.0
SORGH-2026-478,Mbadakhoune Centre,2.0,Darou (Améliorée),683.7,122.3,72,Striga,0.49000000000000005,1241.0
SORGH-2026-479,Gandiaye-Secteur,2.04,Fadda (Hybride),698.7,119.3,97,Striga,0.37,1465.0
SORGH-2026-480,Gandiaye-Secteur,4.02,Fadda (Hybride),655.2,63.4,76,Striga,0.34,1200.0
SORGH-2026-481,Mbadakhoune Centre,1.09,Locale,554.5,79.9,75,Chenille Légionnaire,0.2,729.0
SORGH-2026-482,Thioffior,1.47,Fadda (Hybride),753.0,85.9,69,Striga,0.24999999999999997,1359.0
SORGH-2026-483,Keur DIATTA,4.6,Darou (Améliorée),744.2,130.4,91,Aucune,0.71,1846.0
SORGH-2026-484,Gandiaye-Secteur,1.8,Fadda (Hybride),683.1,77.9,76,Aucune,0.6,1925.0
SORGH-2026-485,Mbadakhoune Centre,3.94,Darou (Améliorée),704.0,71.1,81,Aucune,0.5,1515.0
SORGH-2026-486,Ndiédieng,2.07,Fadda (Hybride),731.0,145.7,70,Aucune,0.7,1954.0
SORGH-2026-487,Mbadakhoune Centre,1.45,Locale,606.2,50.9,97,Striga,0.27,863.0
SORGH-2026-488,Ndiédieng,2.09,Darou (Améliorée),668.3,149.8,69,Chenille Légionnaire,0.52,942.0
SORGH-2026-489,Thioffior,4.25,Fadda (Hybride),747.7,117.7,92,Aucune,0.5,2143.0
SORGH-2026-490,Keur DIATTA,4.85,Fadda (Hybride),624.7,132.8,78,Aucune,0.5,1892.0
SORGH-2026-491,Mbadakhoune Centre,4.74,Fadda (Hybride),717.6,79.5,69,Striga,0.3,1329.0
SORGH-2026-492,Gandiaye-Secteur,2.79,Darou (Améliorée),618.6,51.4,97,Aucune,0.4,1616.0
SORGH-2026-493,Thioffior,4.01,Fadda (Hybride),728.0,123.8,83,Aucune,0.4,2101.0
SORGH-2026-494,Mbadakhoune Centre,1.92,Locale,697.9,133.4,86,Aucune,0.63,1582.0
SORGH-2026-495,Gandiaye-Secteur,2.32,Darou (Améliorée),603.1,124.0,69,Aucune,0.73,1509.0
SORGH-2026-496,Mbadakhoune Centre,5.03,Fadda (Hybride),769.9,64.3,66,Chenille Légionnaire,0.51,908.0
SORGH-2026-497,Ndiédieng,1.06,Darou (Améliorée),655.9,125.3,94,Aucune,0.41,1509.0
SORGH-2026-498,Mbadakhoune Centre,1.38,Darou (Améliorée),651.4,126.9,68,Aucune,0.58,1551.0
SORGH-2026-499,Mbadakhoune Centre,1.94,Fadda (Hybride),712.0,115.9,97,Aucune,0.4,1852.0
SORGH-2026-500,Mbadakhoune Centre,1.12,Fadda (Hybride),768.9,126.6,77,Chenille Légionnaire,0.12,1190.0
